{
  "run_id": 51,
  "params": {
    "momentum_windows": [
      1,
      3,
      5
    ],
    "mean_reversion_ma_periods": [
      20,
      40,
      60
    ],
    "funding_extreme_threshold": 0.001657975780704272,
    "bb_period": 12,
    "bb_std": 2.1197867207027987,
    "rsi_period": 14,
    "volume_ma_period": 23,
    "cross_coin_lead_window": 8,
    "combination_min_history": 14,
    "regression_lookback": 28,
    "vol_lookback": 91,
    "rebalance_interval": 4,
    "kelly_fraction": 0.49895101669426567,
    "max_fraction": 0.5,
    "min_edge": 0.04442416629782245,
    "position_sizing": "fixed",
    "fixed_fraction": 0.24586046294677136,
    "stop_loss_pct": 0.038509304785647756,
    "take_profit_pct": 0.14377708232453923,
    "max_leverage": 1.7492302449067219
  },
  "sharpe": 1.5537269980646504,
  "sortino": 1.6347905275814298,
  "max_drawdown": 0.02038573722818262,
  "total_return": 0.018581815180080063,
  "win_rate": 0.5306122448979592,
  "total_trades": 245,
  "profit_factor": 1.3155547946206874,
  "avg_trade_pnl": 1.0928165286622107,
  "combination_ir": 0.03801396875031889,
  "per_signal_ic": {
    "momentum": 0.0372488242686248,
    "mean_reversion": -0.007371534607682178,
    "funding_rate": -0.16724823627027874,
    "volatility_breakout": -0.0097083636051583,
    "rsi_divergence": 0.03289453275908785,
    "volume_imbalance": -0.012296092787353446,
    "bb_width": 0.06209059834218247,
    "funding_acceleration": 0.07811380600591761,
    "cross_coin": 0.01574171471082841
  },
  "train_sharpe": 1.5537269980646504,
  "test_sharpe": -1.4660493913097605,
  "test_sortino": -1.1722385879227784,
  "test_max_drawdown": 0.01576774310881386,
  "test_total_return": -0.005574787095034672,
  "test_win_rate": 0.4,
  "test_total_trades": 75,
  "test_profit_factor": 0.8783304556335686,
  "timestamp": "2026-06-11T15:37:53.317426"
}